YEAR,POPULATION,INDEX,VIOLENT,PROPERTY,MURDER,FORCIBLE RAPE,ROBBERY,AGGRAVATED ASSAULT,BURGLARY,LARCENY-THEFT,VEHICLE THEFT
1965,18073000,554050,58802,495248,836,2320,28182,27464,183443,253353,58452
1966,18258000,609465,62561,546904,882,2439,30098,29142,196127,286409,64368
1967,18336000,692528,75124,617404,996,2665,40202,31261,219157,314472,83775
1968,18113000,829453,98515,730938,1185,2527,59857,34946,250918,375143,104877
1969,18321000,837210,105870,731340,1324,2902,64754,36890,248477,367463,115400
1970,18190740,904314,124613,779701,1444,2875,81149,39145,267474,386553,125674
1971,18391000,935022,145048,789974,1823,3225,97682,42318,273704,388612,127658
1972,18366000,804605,138542,666063,2026,4199,86391,45926,239886,321096,105081
1973,18265000,814349,135468,678881,2040,4852,80795,47781,246246,320307,112328
1974,18111000,911703,145427,766276,1919,5240,86814,51454,271824,390357,104095
1975,18120000,1021197,155187,866010,1996,5099,93499,54593,301996,447740,116274
1976,18084000,1125739,156988,968751,1969,4663,95718,54638,318919,516328,133504
1977,17924000,1091144,149087,942057,1919,5272,84703,57193,309735,498653,133669
1978,17748000,1027993,149257,878736,1820,5168,83785,58484,292956,466516,119264
1979,17649000,1095140,161906,933234,2092,5394,93471,60949,308302,500589,124343
1980,17506690,1209984,180235,1029749,2228,5405,112273,60329,360925,535783,133041
1981,17594000,1214935,188178,1026757,2166,5479,120344,60189,350422,539486,136849
1982,17659000,1142202,174833,967369,2013,5159,107843,59818,295245,534244,137880
1983,17667000,1042811,161489,881322,1958,5296,94783,59452,249115,504346,127861
1984,17735000,989126,162157,826969,1786,5599,89900,64872,222956,488621,115392
1985,17783000,993811,165365,828446,1683,5706,89706,68270,219633,502276,106537
1986,17772000,1025037,175210,849827,1907,5415,91360,76528,217010,519570,113247
1987,17825000,1061021,179691,881330,2016,5537,89721,82417,216826,539175,125329
1988,17898000,1129241,196396,932845,2244,5479,97434,91239,218060,560887,153898
1989,17950000,1129638,203042,926596,2246,5242,103983,91571,211130,544459,171007
1990,17990455,1144874,212458,932416,2605,5368,112380,92105,208813,536012,187591
1991,18058000,1127651,210184,917467,2571,5085,112342,90186,204499,531681,181287
1992,18119000,1061489,203311,858178,2397,5152,108154,87608,193548,495708,168922
1993,18197000,1010176,195352,814824,2420,5008,102122,85802,181709,481166,151949
1994,18169000,921278,175433,745845,2016,4700,86617,82100,164650,452322,128873
1995,18136000,827025,152683,674342,1550,4290,72492,74351,146562,425184,102596
1996,18185000,751456,132206,619250,1353,4174,61822,64857,129828,399522,89900
1997,18137000,709328,124890,584438,1093,4075,56094,63628,118306,386435,79697
1998,18175000,652202,115915,536287,924,3843,49125,62023,104821,363295,68171
1999,18196601,596743,107147,489596,903,3563,43821,58860,93217,338118,58261
2000,18976457,588189,124890,483078,952,3530,40539,60090,87946,340901,54231
2001,19084350,556025,98022,458003,960,3546,36555,56961,80400,329316,48287
2002,19134293,537121,95030,442091,909,3885,36653,53583,76700,318025,47366
2003,19212425,521565,89486,432079,934,3775,35790,48987,75453,311422,45204
2004,19280727,507648,84914,422734,889,3608,33506,46911,70696,311036,41002
2005,19315721,491829,85839,405990,874,3636,35179,46150,68034,302220,35736
2006,19306183,482270,83966,396304,921,3169,34489,45387,68565,295605,32134
2007,19297729,461731,79915,381816,801,2926,31094,45094,64857,288929,28030
2008,19467789,466131,77546,388585,836,2799,31789,42122,65537,297952,25096
2009,19541453,452647,75110,377537,781,2582,28141,43606,62769,292897,21871
2010,19395206,456202,76492,379710,868,2797,28630,44197,65839,293232,20639
2011,19501616,449300,77463,371837,769,2751,28405,45538,65227,287361,19249
2012,19576125,454803,79535,375268,683,2837,28633,47382,64389,293562,17317
2013,19651127,435194,76596,358598,648,2577,27241,46130,56442,286674,15482
